{"cameraMode":{"drawMode":0,"name":"Shaded","section":"Shading Mode"},"sceneLighting":false,"audioPlay":false,"sceneViewState":{"m_AlwaysRefresh":false,"showFog":false,"showSkybox":false,"showFlares":false,"showImageEffects":false,"showParticleSystems":false,"showVisualEffectGraphs":true,"m_FxEnabled":true},"in2DMode":false,"pivot":{"x":-0.032905519008636478,"y":0.1371346414089203,"z":-0.11057104170322418},"rotation":{"x":-0.002650210401043296,"y":0.9971426725387573,"z":-0.04221389442682266,"w":-0.06260188668966294},"size":0.15635913610458375,"orthographic":false}